{
	"name": "DataTables",
	"version": "1.10.6-dev",
	"description": "DataTables enhances HTML tables with the ability to sort, filter and page the data in the table very easily. It provides a comprehensive API and set of configuration options, allowing you to consume data from virtually any data source.",
	"homepage": "http://datatables.net/",
	"docs": "http://datatables.net/",
	"demo": "http://datatables.net/examples",
	"download": "http://datatables.net/download",
	"author": {
		"name": "Allan Jardine",
		"url": "http://sprymedia.co.uk"
	},
	"licenses": [
		{
			"type": "MIT",
			"url": "http://datatables.net/license_bsd"
		}
	],
	"dependencies": {
		"jquery": ">=1.7"
	},
	"keywords": [
		"DataTables",
		"DataTable",
		"table",
		"grid",
		"filter",
		"sort",
		"page",
		"internationalisable"
	]
}
